epoch,cate_output_categorical_accuracy,cate_output_loss,loss,lr,sequential_loss,val_cate_output_categorical_accuracy,val_cate_output_loss,val_loss,val_sequential_loss
0,0.8447951078414917,14.802300453186035,15.9824800491333,0.00037387497,1.1799672842025757,0.867190957069397,14.74354362487793,15.96079158782959,1.2172479629516602
