epoch,cate_output_categorical_accuracy,cate_output_loss,embedding_loss,loss,lr,val_cate_output_categorical_accuracy,val_cate_output_loss,val_embedding_loss,val_loss
0,0.2875235378742218,31.070688247680664,2.5067262649536133,36.084102630615234,0.0009944713,0.5892748236656189,24.846736907958984,2.647747278213501,30.142229080200195
1,0.7065054178237915,21.444114685058594,2.4899234771728516,26.423948287963867,0.0009780085,0.7629494071006775,19.639062881469727,2.5358388423919678,24.710742950439453
2,0.8171225190162659,17.773935317993164,2.477459192276001,22.7288818359375,0.0009509796,0.8092626333236694,17.6578369140625,2.514918804168701,22.68767547607422
3,0.8579779863357544,15.860136032104492,2.4702117443084717,20.800586700439453,0.0009139882,0.8244972825050354,16.43196678161621,2.4926540851593018,21.417274475097656
4,0.8811966776847839,14.48257827758789,2.465054750442505,19.41269874572754,0.0008678607,0.839122474193573,15.416918754577637,2.487140417098999,20.39120101928711
